source,target,volume,unit,popup
1,2,100,,Lorem ipsum dolor sit amet
2,3,100,,Lorem ipsum dolor sit amet
3,5,100,,Lorem ipsum dolor sit amet
52,55,100,,Lorem ipsum dolor sit amet
52,56,100,,Lorem ipsum dolor sit amet
53,54,100,,Lorem ipsum dolor sit amet
51,54,100,,Lorem ipsum dolor sit amet
54,57,100,,Lorem ipsum dolor sit amet
57,58,100,,Lorem ipsum dolor sit amet
57,59,100,,Lorem ipsum dolor sit amet
57,62,100,,Lorem ipsum dolor sit amet
56,61,100,,Lorem ipsum dolor sit amet
105,106,100,,Lorem ipsum dolor sit amet
107,108,100,,Lorem ipsum dolor sit amet
108,109,100,,Lorem ipsum dolor sit amet
108,110,100,,Lorem ipsum dolor sit amet
111,112,100,,Lorem ipsum dolor sit amet
200,201,100,,Lorem ipsum dolor sit amet
200,202,100,,Lorem ipsum dolor sit amet
201,203,100,,Lorem ipsum dolor sit amet
201,204,100,,Lorem ipsum dolor sit amet
201,205,100,,Lorem ipsum dolor sit amet
201,206,100,,Lorem ipsum dolor sit amet
201,207,100,,Lorem ipsum dolor sit amet
201,208,100,,Lorem ipsum dolor sit amet
